{
  "generator-jhipster": {
    "applicationType": "monolith",
    "authenticationType": "jwt",
    "baseName": "cecabankSampleApplication",
    "blueprints": [
      {
        "name": "generator-jhipster-speedcode-ckb",
        "version": "1.2.0"
      }
    ],
    "buildTool": "maven",
    "cacheProvider": "ehcache",
    "clientFramework": "angular",
    "clientPackageManager": "npm",
    "creationTimestamp": 1728559447822,
    "databaseType": "no",
    "devDatabaseType": "no",
    "devServerPort": 4200,
    "enableHibernateCache": false,
    "enableSwaggerCodegen": false,
    "enableTranslation": false,
    "entities": [],
    "gitCompany": "",
    "jhiPrefix": "jhi",
    "jhipsterVersion": "8.1.0",
    "languages": ["en"],
    "messageBroker": false,
    "nativeLanguage": "en",
    "packageFolder": "es/cecabank/app",
    "packageName": "es.cecabank.app",
    "prodDatabaseType": "postgresql",
    "searchEngine": false,
    "serverPort": 8080,
    "serviceDiscoveryType": false,
    "skipUserManagement": "true",
    "testFrameworks": [],
    "useSass": true,
    "websocket": false,
    "withAdminUi": true
  }
}
